-- phpMyAdmin SQL Dump
-- version 3.5.3
-- http://www.phpmyadmin.net
--
-- Host: localhost
-- Generation Time: Dec 18, 2012 at 12:34 PM
-- Server version: 5.5.28-log
-- PHP Version: 5.4.9--pl0-gentoo

SET SQL_MODE="NO_AUTO_VALUE_ON_ZERO";
SET time_zone = "+00:00";


/*!40101 SET @OLD_CHARACTER_SET_CLIENT=@@CHARACTER_SET_CLIENT */;
/*!40101 SET @OLD_CHARACTER_SET_RESULTS=@@CHARACTER_SET_RESULTS */;
/*!40101 SET @OLD_COLLATION_CONNECTION=@@COLLATION_CONNECTION */;
/*!40101 SET NAMES utf8 */;

--
-- Database: `dle-dev`
--

-- --------------------------------------------------------

--
-- Table structure for table `region`
--

CREATE TABLE IF NOT EXISTS `region` (
  `id` int(11) NOT NULL AUTO_INCREMENT,
  `title` varchar(128) COLLATE utf8_unicode_ci NOT NULL,
  PRIMARY KEY (`id`)
) ENGINE=MyISAM  DEFAULT CHARSET=utf8 COLLATE=utf8_unicode_ci AUTO_INCREMENT=27 ;

--
-- Dumping data for table `region`
--

INSERT INTO `region` (`id`, `title`) VALUES
(1, 'Днепропетровская обл.'),
(2, 'Запорожская обл.'),
(3, 'Киев'),
(4, 'Харьковская обл.'),
(5, 'Николаевская обл.'),
(6, 'Винницкая обл.'),
(7, 'Луганская обл.'),
(8, 'Донецкая обл.'),
(9, 'Житомирская обл.'),
(10, 'Закарпатская обл.'),
(11, 'Ивано-Франковская обл.'),
(12, 'Кировоградская обл.'),
(13, 'Полтавская обл.'),
(14, 'Волынская обл.'),
(15, 'Львовская обл.'),
(16, 'Херсонская обл.'),
(17, 'Черновецкая обл.'),
(18, 'Киевская обл.'),
(19, 'АР Крым'),
(20, 'Одесская обл.'),
(21, 'Хмельницкая обл.'),
(22, 'Сумская обл.'),
(23, 'Ровенская обл.'),
(24, 'Черкасская обл.'),
(25, 'Тернопольская обл.'),
(26, 'Черниговская обл.');

-- --------------------------------------------------------

--
-- Table structure for table `spec`
--

CREATE TABLE IF NOT EXISTS `spec` (
  `id` int(11) NOT NULL AUTO_INCREMENT,
  `title` varchar(255) COLLATE utf8_unicode_ci NOT NULL,
  PRIMARY KEY (`id`)
) ENGINE=MyISAM  DEFAULT CHARSET=utf8 COLLATE=utf8_unicode_ci AUTO_INCREMENT=47 ;

--
-- Dumping data for table `spec`
--

INSERT INTO `spec` (`id`, `title`) VALUES
(1, 'Авиационная и ракетно-космическая техника'),
(2, 'Автоматика и управление'),
(3, 'Биотехнология'),
(4, 'Ветеринария'),
(5, 'Военные науки, национальная безопасность, безопасность государственной границы'),
(6, 'Геодезия и землеустройство'),
(7, 'Гражданская безопасность'),
(8, 'Гуманитарные науки'),
(9, 'Естественные науки'),
(10, 'Журналистика и информация'),
(11, 'Издательско-полиграфическое дело'),
(12, 'Информатика и вычислительная техника'),
(13, 'Информационная безопасность'),
(14, 'Искусство'),
(15, 'Культура'),
(16, 'Машиностроение и материалообработка'),
(17, 'Медицина'),
(18, 'Международные отношения'),
(19, 'Менеджмент и администрирование'),
(20, 'Металлургия и материаловедение'),
(21, 'Метрология, измерительная техника и информационно-измерительные технологии'),
(22, 'Морская техника'),
(23, 'Обработка древесины'),
(24, 'Педагогическое образование'),
(25, 'Пищевая промышленность и переработка сельскохозяйственной продукции'),
(26, 'Право'),
(27, 'Радиотехника, радиоэлектронные аппараты и связь'),
(28, 'Разработка полезных ископаемых'),
(29, 'Рыбное хозяйство и аквакультура'),
(30, 'Сельское хозяйство и лесничество'),
(31, 'Системные науки и кибернетика'),
(32, 'Социально-политические науки'),
(33, 'Социальное обеспечение'),
(34, 'Строительство и архитектура'),
(35, 'Сфера обслуживания'),
(36, 'Текстильная и легкая промышленность'),
(37, 'Техника и энергетика аграрного производства'),
(38, 'Транспорт и транспортная инфраструктура'),
(39, 'Фармация'),
(40, 'Физико-математические науки'),
(41, 'Физическое воспитание, спорт и здоровье человека'),
(42, 'Химическая технология и инженерия'),
(43, 'Экономика и предпринимательство'),
(44, 'Электроника'),
(45, 'Электротехника и электромеханика'),
(46, 'Энергетика и энергетическое машиностроение');

-- --------------------------------------------------------

--
-- Table structure for table `spectovuz`
--

CREATE TABLE IF NOT EXISTS `spectovuz` (
  `id` int(11) NOT NULL AUTO_INCREMENT,
  `spec_id` int(11) NOT NULL,
  `region_id` int(11) NOT NULL,
  `vuz_id` int(11) NOT NULL,
  PRIMARY KEY (`id`),
  KEY `spectovuz_FI_1` (`spec_id`),
  KEY `spectovuz_FI_2` (`region_id`),
  KEY `spectovuz_FI_3` (`vuz_id`)
) ENGINE=MyISAM  DEFAULT CHARSET=utf8 COLLATE=utf8_unicode_ci AUTO_INCREMENT=954 ;

--
-- Dumping data for table `spectovuz`
--

INSERT INTO `spectovuz` (`id`, `spec_id`, `region_id`, `vuz_id`) VALUES
(1, 1, 1, 1),
(2, 1, 2, 2),
(3, 1, 3, 3),
(4, 1, 4, 4),
(5, 1, 3, 5),
(6, 1, 5, 6),
(7, 1, 4, 7),
(8, 2, 3, 8),
(9, 2, 6, 9),
(10, 2, 3, 10),
(11, 2, 7, 11),
(12, 2, 1, 12),
(13, 2, 3, 13),
(14, 2, 1, 14),
(15, 2, 8, 15),
(16, 2, 7, 16),
(17, 2, 8, 17),
(18, 2, 8, 18),
(19, 2, 9, 19),
(20, 2, 9, 20),
(21, 2, 10, 21),
(22, 2, 2, 22),
(23, 2, 11, 23),
(24, 2, 3, 24),
(25, 2, 3, 25),
(26, 2, 12, 26),
(27, 2, 13, 27),
(28, 2, 13, 28),
(29, 2, 1, 29),
(30, 2, 14, 30),
(31, 2, 1, 31),
(32, 2, 3, 3),
(33, 3, 1, 32),
(34, 3, 15, 33),
(35, 3, 3, 3),
(36, 3, 4, 34),
(37, 3, 3, 5),
(38, 3, 15, 35),
(39, 3, 3, 36),
(40, 3, 3, 37),
(41, 3, 4, 38),
(42, 3, 1, 39),
(43, 3, 4, 40),
(44, 3, 4, 41),
(45, 3, 16, 42),
(46, 3, 17, 43),
(47, 4, 18, 44),
(48, 4, 1, 45),
(49, 4, 9, 46),
(50, 4, 19, 47),
(51, 4, 7, 48),
(52, 4, 15, 33),
(53, 4, 3, 36),
(54, 4, 20, 49),
(55, 4, 21, 50),
(56, 4, 13, 51),
(57, 4, 22, 52),
(58, 4, 4, 40),
(59, 5, 4, 53),
(60, 5, 15, 54),
(61, 5, 3, 10),
(62, 5, 21, 55),
(63, 5, 21, 56),
(64, 5, 4, 7),
(65, 6, 14, 57),
(66, 6, 8, 58),
(67, 6, 8, 18),
(68, 6, 9, 46),
(69, 6, 10, 21),
(70, 6, 11, 23),
(71, 6, 11, 59),
(72, 6, 3, 60),
(73, 6, 3, 24),
(74, 6, 3, 61),
(75, 6, 2, 62),
(76, 6, 13, 27),
(77, 6, 1, 29),
(78, 6, 19, 47),
(79, 6, 19, 63),
(80, 6, 7, 48),
(81, 6, 15, 64),
(82, 6, 3, 3),
(83, 6, 4, 4),
(84, 6, 1, 65),
(85, 6, 3, 66),
(86, 6, 15, 35),
(87, 6, 3, 36),
(88, 6, 23, 67),
(89, 6, 20, 68),
(90, 7, 24, 69),
(91, 7, 8, 70),
(92, 7, 14, 30),
(93, 7, 15, 71),
(94, 7, 15, 35),
(95, 7, 23, 67),
(96, 7, 4, 72),
(97, 7, 1, 73),
(98, 7, 2, 74),
(99, 7, 4, 75),
(100, 7, 4, 76),
(101, 7, 21, 77),
(102, 8, 3, 78),
(103, 8, 3, 79),
(104, 8, 4, 53),
(105, 8, 18, 44),
(106, 8, 2, 80),
(107, 8, 6, 81),
(108, 8, 14, 82),
(109, 8, 14, 57),
(110, 8, 24, 83),
(111, 8, 7, 11),
(112, 8, 22, 84),
(113, 8, 8, 85),
(114, 8, 1, 32),
(115, 8, 1, 14),
(116, 8, 1, 1),
(117, 8, 1, 86),
(118, 8, 8, 87),
(119, 8, 7, 16),
(120, 8, 8, 88),
(121, 8, 8, 89),
(122, 8, 8, 90),
(123, 8, 15, 91),
(124, 8, 19, 92),
(125, 8, 3, 93),
(126, 8, 9, 94),
(127, 9, 8, 95),
(128, 9, 7, 96),
(129, 9, 18, 44),
(130, 9, 6, 81),
(131, 9, 6, 97),
(132, 9, 6, 9),
(133, 9, 14, 57),
(134, 9, 7, 11),
(135, 9, 11, 98),
(136, 9, 22, 84),
(137, 9, 1, 32),
(138, 9, 1, 45),
(139, 9, 1, 14),
(140, 9, 1, 1),
(141, 9, 8, 58),
(142, 9, 7, 16),
(143, 9, 8, 89),
(144, 9, 8, 18),
(145, 9, 8, 90),
(146, 9, 15, 91),
(147, 9, 3, 93),
(148, 9, 9, 20),
(149, 9, 9, 94),
(150, 9, 9, 46),
(151, 9, 10, 99),
(152, 10, 2, 80),
(153, 10, 6, 81),
(154, 10, 14, 57),
(155, 10, 7, 11),
(156, 10, 1, 1),
(157, 10, 8, 88),
(158, 10, 8, 89),
(159, 10, 8, 90),
(160, 10, 9, 94),
(161, 10, 2, 2),
(162, 10, 2, 100),
(163, 10, 11, 101),
(164, 10, 21, 55),
(165, 10, 3, 102),
(166, 10, 3, 103),
(167, 10, 3, 60),
(168, 10, 3, 104),
(169, 10, 3, 61),
(170, 10, 3, 105),
(171, 10, 12, 106),
(172, 10, 12, 107),
(173, 10, 2, 62),
(174, 10, 13, 28),
(175, 10, 7, 108),
(176, 10, 14, 109),
(177, 11, 3, 3),
(178, 11, 3, 5),
(179, 11, 15, 35),
(180, 11, 3, 110),
(181, 11, 15, 111),
(182, 11, 1, 39),
(183, 11, 4, 41),
(184, 11, 4, 112),
(185, 11, 17, 43),
(186, 12, 3, 78),
(187, 12, 3, 113),
(188, 12, 1, 114),
(189, 12, 2, 115),
(190, 12, 17, 116),
(191, 12, 17, 117),
(192, 12, 6, 9),
(193, 12, 3, 10),
(194, 12, 7, 11),
(195, 12, 11, 98),
(196, 12, 8, 118),
(197, 12, 3, 119),
(198, 12, 1, 32),
(199, 12, 1, 14),
(200, 12, 1, 1),
(201, 12, 8, 15),
(202, 12, 7, 16),
(203, 12, 8, 120),
(204, 12, 8, 18),
(205, 12, 8, 90),
(206, 12, 15, 91),
(207, 12, 3, 93),
(208, 12, 9, 20),
(209, 12, 10, 121),
(210, 12, 2, 22),
(211, 13, 19, 122),
(212, 13, 6, 9),
(213, 13, 3, 10),
(214, 13, 7, 11),
(215, 13, 3, 119),
(216, 13, 1, 14),
(217, 13, 1, 1),
(218, 13, 8, 18),
(219, 13, 8, 90),
(220, 13, 3, 93),
(221, 13, 9, 19),
(222, 13, 2, 2),
(223, 13, 15, 71),
(224, 13, 20, 123),
(225, 13, 3, 124),
(226, 13, 3, 3),
(227, 13, 1, 65),
(228, 13, 3, 5),
(229, 13, 15, 35),
(230, 13, 5, 6),
(231, 13, 20, 125),
(232, 13, 20, 126),
(233, 13, 19, 127),
(234, 13, 10, 128),
(235, 13, 3, 129),
(236, 14, 15, 54),
(237, 14, 2, 80),
(238, 14, 6, 81),
(239, 14, 14, 57),
(240, 14, 24, 83),
(241, 14, 1, 130),
(242, 14, 1, 1),
(243, 14, 1, 131),
(244, 14, 8, 132),
(245, 14, 15, 91),
(246, 14, 9, 94),
(247, 14, 9, 133),
(248, 14, 10, 134),
(249, 14, 2, 2),
(250, 14, 2, 100),
(251, 14, 20, 135),
(252, 14, 3, 136),
(253, 14, 3, 137),
(254, 14, 21, 55),
(255, 14, 3, 138),
(256, 14, 3, 139),
(257, 14, 3, 140),
(258, 14, 3, 102),
(259, 14, 18, 141),
(260, 14, 12, 142),
(261, 15, 3, 8),
(262, 15, 15, 54),
(263, 15, 18, 143),
(264, 15, 6, 144),
(265, 15, 14, 57),
(266, 15, 24, 83),
(267, 15, 7, 11),
(268, 15, 11, 98),
(269, 15, 8, 88),
(270, 15, 8, 90),
(271, 15, 3, 93),
(272, 15, 9, 133),
(273, 15, 11, 23),
(274, 15, 3, 60),
(275, 15, 18, 141),
(276, 15, 18, 145),
(277, 15, 12, 142),
(278, 15, 3, 104),
(279, 15, 15, 146),
(280, 15, 5, 147),
(281, 15, 20, 148),
(282, 15, 13, 149),
(283, 15, 22, 150),
(284, 15, 12, 107),
(285, 15, 12, 26),
(286, 16, 4, 53),
(287, 16, 19, 122),
(288, 16, 7, 96),
(289, 16, 6, 97),
(290, 16, 6, 9),
(291, 16, 7, 11),
(292, 16, 1, 12),
(293, 16, 1, 32),
(294, 16, 1, 14),
(295, 16, 1, 1),
(296, 16, 8, 15),
(297, 16, 8, 58),
(298, 16, 7, 16),
(299, 16, 8, 18),
(300, 16, 8, 151),
(301, 16, 19, 152),
(302, 16, 9, 20),
(303, 16, 10, 21),
(304, 16, 2, 22),
(305, 16, 2, 2),
(306, 16, 11, 23),
(307, 16, 7, 153),
(308, 16, 21, 55),
(309, 16, 19, 154),
(310, 16, 3, 24),
(311, 17, 17, 155),
(312, 17, 6, 156),
(313, 17, 1, 157),
(314, 17, 1, 158),
(315, 17, 1, 1),
(316, 17, 8, 159),
(317, 17, 2, 160),
(318, 17, 11, 161),
(319, 17, 3, 162),
(320, 17, 19, 163),
(321, 17, 7, 164),
(322, 17, 7, 108),
(323, 17, 15, 165),
(324, 17, 15, 166),
(325, 17, 3, 167),
(326, 17, 3, 168),
(327, 17, 4, 38),
(328, 17, 20, 169),
(329, 17, 25, 170),
(330, 17, 10, 128),
(331, 17, 13, 171),
(332, 17, 4, 172),
(333, 18, 3, 173),
(334, 18, 3, 78),
(335, 18, 3, 113),
(336, 18, 3, 79),
(337, 18, 14, 57),
(338, 18, 1, 1),
(339, 18, 8, 90),
(340, 18, 9, 174),
(341, 18, 10, 121),
(342, 18, 2, 2),
(343, 18, 2, 100),
(344, 18, 4, 175),
(345, 18, 19, 176),
(346, 18, 3, 177),
(347, 18, 3, 102),
(348, 18, 3, 60),
(349, 18, 3, 104),
(350, 18, 3, 61),
(351, 18, 3, 178),
(352, 18, 3, 179),
(353, 18, 2, 62),
(354, 18, 7, 108),
(355, 18, 15, 180),
(356, 18, 15, 181),
(357, 18, 15, 182),
(358, 19, 3, 183),
(359, 19, 3, 173),
(360, 19, 3, 78),
(361, 19, 3, 113),
(362, 19, 8, 95),
(363, 19, 8, 184),
(364, 19, 2, 185),
(365, 19, 4, 53),
(366, 19, 3, 8),
(367, 19, 11, 186),
(368, 19, 1, 114),
(369, 19, 3, 187),
(370, 19, 7, 96),
(371, 19, 18, 44),
(372, 19, 2, 115),
(373, 19, 18, 188),
(374, 19, 25, 189),
(375, 19, 6, 97),
(376, 19, 6, 9),
(377, 19, 6, 144),
(378, 19, 6, 190),
(379, 19, 6, 191),
(380, 19, 6, 192),
(381, 19, 14, 82),
(382, 19, 14, 57),
(383, 20, 7, 11),
(384, 20, 1, 12),
(385, 20, 1, 32),
(386, 20, 1, 1),
(387, 20, 8, 15),
(388, 20, 7, 16),
(389, 20, 8, 18),
(390, 20, 2, 22),
(391, 20, 2, 2),
(392, 20, 13, 27),
(393, 20, 1, 29),
(394, 20, 14, 30),
(395, 20, 1, 31),
(396, 20, 4, 34),
(397, 20, 3, 5),
(398, 20, 15, 35),
(399, 20, 5, 6),
(400, 20, 20, 126),
(401, 20, 8, 193),
(402, 20, 1, 73),
(403, 20, 22, 194),
(404, 21, 6, 9),
(405, 21, 7, 11),
(406, 21, 1, 1),
(407, 21, 8, 18),
(408, 21, 8, 90),
(409, 21, 11, 23),
(410, 21, 3, 60),
(411, 21, 3, 25),
(412, 21, 14, 30),
(413, 21, 15, 64),
(414, 21, 15, 182),
(415, 21, 1, 31),
(416, 21, 3, 3),
(417, 21, 4, 4),
(418, 21, 1, 65),
(419, 21, 4, 34),
(420, 21, 3, 5),
(421, 21, 15, 35),
(422, 21, 5, 6),
(423, 21, 20, 195),
(424, 21, 20, 126),
(425, 21, 1, 73),
(426, 21, 19, 196),
(427, 21, 19, 127),
(428, 21, 25, 197),
(429, 22, 5, 6),
(430, 22, 20, 198),
(431, 22, 19, 196),
(432, 23, 15, 199),
(433, 23, 3, 36),
(434, 23, 4, 200),
(435, 24, 2, 80),
(436, 24, 6, 81),
(437, 24, 6, 97),
(438, 24, 14, 57),
(439, 24, 7, 11),
(440, 24, 22, 84),
(441, 24, 1, 1),
(442, 24, 1, 86),
(443, 24, 8, 87),
(444, 24, 8, 88),
(445, 24, 8, 89),
(446, 24, 15, 91),
(447, 24, 19, 92),
(448, 24, 9, 94),
(449, 24, 10, 99),
(450, 24, 2, 100),
(451, 24, 20, 135),
(452, 24, 8, 70),
(453, 24, 21, 55),
(454, 24, 3, 60),
(455, 24, 3, 24),
(456, 24, 3, 25),
(457, 24, 3, 105),
(458, 24, 12, 106),
(459, 24, 8, 201),
(460, 25, 6, 97),
(461, 25, 6, 190),
(462, 25, 1, 45),
(463, 25, 1, 1),
(464, 25, 8, 151),
(465, 25, 19, 154),
(466, 25, 3, 202),
(467, 25, 3, 103),
(468, 25, 19, 47),
(469, 25, 7, 48),
(470, 25, 15, 180),
(471, 25, 15, 203),
(472, 25, 15, 33),
(473, 25, 4, 34),
(474, 25, 15, 35),
(475, 25, 3, 36),
(476, 25, 3, 37),
(477, 25, 5, 204),
(478, 25, 20, 205),
(479, 25, 3, 110),
(480, 25, 19, 206),
(481, 25, 13, 207),
(482, 25, 22, 52),
(483, 25, 25, 197),
(484, 25, 1, 39),
(485, 26, 3, 173),
(486, 26, 3, 78),
(487, 26, 3, 113),
(488, 26, 2, 185),
(489, 26, 3, 79),
(490, 26, 3, 8),
(491, 26, 1, 114),
(492, 26, 3, 187),
(493, 26, 18, 44),
(494, 26, 2, 115),
(495, 26, 17, 116),
(496, 26, 17, 117),
(497, 26, 6, 97),
(498, 26, 6, 144),
(499, 26, 14, 57),
(500, 26, 24, 83),
(501, 26, 7, 11),
(502, 26, 8, 118),
(503, 26, 1, 208),
(504, 26, 1, 209),
(505, 26, 1, 1),
(506, 26, 1, 86),
(507, 26, 8, 210),
(508, 26, 8, 90),
(509, 26, 8, 211),
(510, 27, 19, 122),
(511, 27, 6, 9),
(512, 27, 3, 10),
(513, 27, 7, 11),
(514, 27, 11, 98),
(515, 27, 3, 119),
(516, 27, 1, 32),
(517, 27, 1, 1),
(518, 27, 8, 18),
(519, 27, 9, 19),
(520, 27, 9, 20),
(521, 27, 2, 2),
(522, 27, 3, 60),
(523, 27, 13, 27),
(524, 27, 3, 212),
(525, 27, 3, 3),
(526, 27, 4, 4),
(527, 27, 1, 65),
(528, 27, 4, 34),
(529, 27, 3, 5),
(530, 27, 15, 35),
(531, 27, 5, 6),
(532, 27, 20, 125),
(533, 27, 20, 213),
(534, 27, 20, 126),
(535, 28, 7, 96),
(536, 28, 7, 11),
(537, 28, 7, 16),
(538, 28, 8, 18),
(539, 28, 9, 20),
(540, 28, 11, 23),
(541, 28, 11, 214),
(542, 28, 8, 215),
(543, 28, 1, 29),
(544, 28, 3, 212),
(545, 28, 1, 65),
(546, 28, 4, 34),
(547, 28, 3, 5),
(548, 28, 23, 67),
(549, 28, 20, 216),
(550, 28, 13, 217),
(551, 29, 18, 44),
(552, 29, 6, 97),
(553, 29, 19, 154),
(554, 29, 15, 33),
(555, 29, 3, 36),
(556, 29, 23, 67),
(557, 29, 20, 218),
(558, 29, 19, 206),
(559, 29, 22, 52),
(560, 29, 4, 40),
(561, 29, 16, 219),
(562, 30, 18, 44),
(563, 30, 6, 97),
(564, 30, 14, 57),
(565, 30, 1, 45),
(566, 30, 9, 46),
(567, 30, 2, 100),
(568, 30, 12, 26),
(569, 30, 19, 47),
(570, 30, 7, 48),
(571, 30, 7, 108),
(572, 30, 15, 64),
(573, 30, 15, 33),
(574, 30, 2, 220),
(575, 30, 23, 221),
(576, 30, 15, 199),
(577, 30, 3, 36),
(578, 30, 23, 67),
(579, 30, 5, 222),
(580, 30, 25, 223),
(581, 30, 20, 49),
(582, 30, 21, 50),
(583, 30, 13, 51),
(584, 30, 11, 224),
(585, 30, 22, 52),
(586, 30, 2, 74),
(587, 31, 3, 78),
(588, 31, 7, 96),
(589, 31, 14, 57),
(590, 31, 7, 11),
(591, 31, 1, 32),
(592, 31, 1, 1),
(593, 31, 8, 15),
(594, 31, 8, 225),
(595, 31, 8, 90),
(596, 31, 15, 91),
(597, 31, 9, 94),
(598, 31, 2, 2),
(599, 31, 2, 100),
(600, 31, 20, 135),
(601, 31, 7, 153),
(602, 31, 21, 55),
(603, 31, 3, 60),
(604, 31, 3, 105),
(605, 31, 12, 106),
(606, 31, 2, 62),
(607, 31, 13, 27),
(608, 31, 1, 29),
(609, 31, 1, 226),
(610, 31, 19, 227),
(611, 31, 19, 228),
(612, 32, 3, 183),
(613, 32, 3, 78),
(614, 32, 3, 113),
(615, 32, 3, 8),
(616, 32, 3, 187),
(617, 32, 7, 96),
(618, 32, 2, 80),
(619, 32, 6, 81),
(620, 32, 6, 144),
(621, 32, 6, 191),
(622, 32, 14, 57),
(623, 32, 7, 11),
(624, 32, 22, 84),
(625, 32, 8, 85),
(626, 32, 3, 119),
(627, 32, 1, 32),
(628, 32, 1, 209),
(629, 32, 1, 1),
(630, 32, 1, 86),
(631, 32, 1, 131),
(632, 32, 8, 87),
(633, 32, 8, 210),
(634, 32, 8, 88),
(635, 32, 8, 225),
(636, 32, 8, 89),
(637, 33, 3, 187),
(638, 33, 18, 143),
(639, 33, 17, 116),
(640, 33, 6, 144),
(641, 33, 7, 11),
(642, 33, 8, 118),
(643, 33, 1, 1),
(644, 33, 8, 210),
(645, 33, 9, 174),
(646, 33, 2, 100),
(647, 33, 10, 229),
(648, 33, 3, 60),
(649, 33, 3, 105),
(650, 33, 2, 62),
(651, 33, 7, 230),
(652, 33, 7, 108),
(653, 33, 7, 231),
(654, 33, 14, 232),
(655, 33, 2, 233),
(656, 33, 3, 3),
(657, 33, 3, 234),
(658, 33, 3, 235),
(659, 33, 15, 35),
(660, 33, 18, 236),
(661, 33, 5, 237),
(662, 34, 8, 95),
(663, 34, 7, 96),
(664, 34, 6, 9),
(665, 34, 7, 11),
(666, 34, 1, 45),
(667, 34, 1, 14),
(668, 34, 8, 58),
(669, 34, 7, 16),
(670, 34, 8, 18),
(671, 34, 10, 21),
(672, 34, 2, 22),
(673, 34, 2, 238),
(674, 34, 11, 23),
(675, 34, 11, 101),
(676, 34, 3, 102),
(677, 34, 3, 24),
(678, 34, 12, 26),
(679, 34, 13, 27),
(680, 34, 1, 29),
(681, 34, 19, 63),
(682, 34, 7, 239),
(683, 34, 7, 48),
(684, 34, 14, 30),
(685, 34, 15, 64),
(686, 34, 3, 240),
(687, 35, 3, 173),
(688, 35, 6, 190),
(689, 35, 14, 57),
(690, 35, 24, 83),
(691, 35, 7, 11),
(692, 35, 11, 98),
(693, 35, 1, 209),
(694, 35, 1, 1),
(695, 35, 8, 241),
(696, 35, 8, 225),
(697, 35, 8, 151),
(698, 35, 10, 121),
(699, 35, 11, 242),
(700, 35, 2, 2),
(701, 35, 2, 100),
(702, 35, 11, 23),
(703, 35, 20, 135),
(704, 35, 15, 243),
(705, 35, 21, 55),
(706, 35, 3, 102),
(707, 35, 3, 103),
(708, 35, 3, 60),
(709, 35, 18, 141),
(710, 35, 18, 145),
(711, 35, 12, 142),
(712, 36, 7, 11),
(713, 36, 3, 25),
(714, 36, 10, 244),
(715, 36, 16, 42),
(716, 36, 21, 245),
(717, 36, 21, 77),
(718, 37, 6, 97),
(719, 37, 1, 45),
(720, 37, 9, 46),
(721, 37, 12, 26),
(722, 37, 19, 47),
(723, 37, 7, 48),
(724, 37, 15, 64),
(725, 37, 3, 36),
(726, 37, 26, 246),
(727, 37, 5, 222),
(728, 37, 25, 223),
(729, 37, 20, 49),
(730, 37, 21, 50),
(731, 37, 13, 51),
(732, 37, 22, 52),
(733, 37, 2, 74),
(734, 37, 24, 247),
(735, 37, 4, 200),
(736, 38, 8, 95),
(737, 38, 8, 184),
(738, 38, 4, 53),
(739, 38, 19, 122),
(740, 38, 15, 54),
(741, 38, 1, 114),
(742, 38, 7, 96),
(743, 38, 6, 9),
(744, 38, 7, 11),
(745, 38, 12, 248),
(746, 38, 3, 13),
(747, 38, 1, 32),
(748, 38, 1, 14),
(749, 38, 8, 58),
(750, 38, 8, 120),
(751, 38, 8, 17),
(752, 38, 8, 18),
(753, 38, 19, 152),
(754, 38, 9, 20),
(755, 38, 2, 2),
(756, 38, 11, 23),
(757, 38, 20, 249),
(758, 38, 19, 154),
(759, 38, 3, 250),
(760, 38, 20, 251),
(761, 39, 17, 155),
(762, 39, 6, 156),
(763, 39, 7, 11),
(764, 39, 1, 157),
(765, 39, 8, 159),
(766, 39, 11, 161),
(767, 39, 7, 153),
(768, 39, 3, 162),
(769, 39, 3, 102),
(770, 39, 3, 25),
(771, 39, 7, 164),
(772, 39, 15, 165),
(773, 39, 15, 166),
(774, 39, 3, 167),
(775, 39, 20, 123),
(776, 39, 3, 168),
(777, 39, 15, 35),
(778, 39, 20, 126),
(779, 39, 1, 39),
(780, 40, 2, 80),
(781, 40, 6, 81),
(782, 40, 14, 57),
(783, 40, 7, 11),
(784, 40, 22, 84),
(785, 40, 1, 32),
(786, 40, 1, 1),
(787, 40, 8, 87),
(788, 40, 7, 16),
(789, 40, 8, 90),
(790, 40, 15, 91),
(791, 40, 9, 94),
(792, 40, 10, 99),
(793, 40, 2, 100),
(794, 40, 21, 55),
(795, 40, 3, 60),
(796, 40, 3, 105),
(797, 40, 12, 106),
(798, 40, 1, 29),
(799, 40, 1, 226),
(800, 40, 19, 227),
(801, 40, 7, 108),
(802, 40, 15, 181),
(803, 40, 2, 220),
(804, 40, 3, 3),
(805, 41, 2, 80),
(806, 41, 6, 81),
(807, 41, 6, 144),
(808, 41, 14, 57),
(809, 41, 22, 84),
(810, 41, 8, 118),
(811, 41, 1, 252),
(812, 41, 8, 87),
(813, 41, 8, 253),
(814, 41, 15, 91),
(815, 41, 9, 94),
(816, 41, 2, 2),
(817, 41, 2, 100),
(818, 41, 20, 135),
(819, 41, 21, 55),
(820, 41, 19, 254),
(821, 41, 3, 105),
(822, 41, 12, 106),
(823, 41, 12, 107),
(824, 41, 2, 62),
(825, 41, 25, 255),
(826, 41, 7, 108),
(827, 41, 7, 256),
(828, 41, 7, 231),
(829, 41, 7, 257),
(830, 42, 7, 11),
(831, 42, 1, 32),
(832, 42, 1, 1),
(833, 42, 8, 18),
(834, 42, 7, 153),
(835, 42, 3, 25),
(836, 42, 1, 29),
(837, 42, 1, 31),
(838, 42, 3, 3),
(839, 42, 15, 199),
(840, 42, 4, 34),
(841, 42, 3, 5),
(842, 42, 15, 35),
(843, 42, 4, 72),
(844, 42, 3, 37),
(845, 42, 20, 126),
(846, 42, 3, 110),
(847, 42, 19, 127),
(848, 42, 7, 258),
(849, 42, 1, 39),
(850, 42, 16, 42),
(851, 42, 21, 77),
(852, 42, 24, 259),
(853, 43, 3, 183),
(854, 43, 3, 173),
(855, 43, 3, 78),
(856, 43, 3, 113),
(857, 43, 8, 95),
(858, 43, 2, 185),
(859, 43, 3, 8),
(860, 43, 1, 114),
(861, 43, 3, 187),
(862, 43, 7, 96),
(863, 43, 18, 143),
(864, 43, 18, 44),
(865, 43, 18, 260),
(866, 43, 2, 80),
(867, 43, 2, 115),
(868, 43, 18, 188),
(869, 43, 17, 116),
(870, 43, 17, 117),
(871, 43, 25, 189),
(872, 43, 6, 261),
(873, 43, 6, 97),
(874, 43, 6, 144),
(875, 43, 6, 190),
(876, 43, 6, 191),
(877, 43, 6, 192),
(878, 44, 6, 9),
(879, 44, 7, 11),
(880, 44, 1, 32),
(881, 44, 1, 1),
(882, 44, 7, 16),
(883, 44, 8, 18),
(884, 44, 2, 22),
(885, 44, 2, 2),
(886, 44, 3, 25),
(887, 44, 2, 62),
(888, 44, 15, 181),
(889, 44, 3, 3),
(890, 44, 4, 34),
(891, 44, 3, 5),
(892, 44, 15, 35),
(893, 44, 5, 6),
(894, 44, 20, 126),
(895, 44, 3, 110),
(896, 44, 19, 196),
(897, 44, 22, 194),
(898, 44, 10, 128),
(899, 44, 4, 76),
(900, 44, 4, 41),
(901, 44, 16, 42),
(902, 44, 26, 262),
(903, 45, 15, 54),
(904, 45, 6, 9),
(905, 45, 7, 11),
(906, 45, 3, 13),
(907, 45, 1, 32),
(908, 45, 1, 14),
(909, 45, 1, 1),
(910, 45, 8, 15),
(911, 45, 7, 16),
(912, 45, 8, 18),
(913, 45, 9, 19),
(914, 45, 2, 22),
(915, 45, 2, 2),
(916, 45, 11, 23),
(917, 45, 19, 154),
(918, 45, 3, 25),
(919, 45, 12, 26),
(920, 45, 8, 215),
(921, 45, 13, 27),
(922, 45, 1, 29),
(923, 45, 14, 30),
(924, 45, 19, 263),
(925, 45, 1, 31),
(926, 45, 3, 3),
(927, 45, 4, 4),
(928, 46, 6, 9),
(929, 46, 1, 12),
(930, 46, 1, 32),
(931, 46, 1, 14),
(932, 46, 1, 1),
(933, 46, 8, 18),
(934, 46, 2, 22),
(935, 46, 3, 264),
(936, 46, 1, 29),
(937, 46, 1, 31),
(938, 46, 3, 3),
(939, 46, 4, 4),
(940, 46, 4, 34),
(941, 46, 3, 5),
(942, 46, 15, 35),
(943, 46, 23, 67),
(944, 46, 5, 6),
(945, 46, 3, 37),
(946, 46, 20, 216),
(947, 46, 20, 126),
(948, 46, 5, 265),
(949, 46, 8, 193),
(950, 46, 19, 127),
(951, 46, 22, 194),
(952, 46, 4, 266),
(953, 41, 8, 267);

-- --------------------------------------------------------

--
-- Table structure for table `vuz`
--

CREATE TABLE IF NOT EXISTS `vuz` (
  `id` int(11) NOT NULL AUTO_INCREMENT,
  `title` varchar(128) COLLATE utf8_unicode_ci NOT NULL,
  PRIMARY KEY (`id`)
) ENGINE=MyISAM  DEFAULT CHARSET=utf8 COLLATE=utf8_unicode_ci AUTO_INCREMENT=268 ;

--
-- Dumping data for table `vuz`
--

INSERT INTO `vuz` (`id`, `title`) VALUES
(1, 'Днепропетровский национальный университет им. О. Гончара (ДНУ)'),
(2, 'Запорожский национальный технический университет (ЗНТУ)'),
(3, 'Национальный авиационный университет (НАУ)'),
(4, 'Национальный аэрокосмический университет имени Н.Е. Жуковского "Харьковский авиационный институт" (НАУ ХАИ)'),
(5, 'Национальный технический университет Украины "Киевский политехнический институт" (НТУУ КПИ)'),
(6, 'Национальный университет кораблестроения им. адмирала Макарова (НУК)'),
(7, 'Харьковский университет Воздушных Сил им. И. Кожедуба'),
(8, 'Академия муниципального управления (АМУ)'),
(9, 'Винницкий национальный технический университет (ВНТУ)'),
(10, 'Военный институт телекоммуникаций и информатизации НТУУ "КПИ" (ВИТИ НТУУ "КПИ")'),
(11, 'Восточноукраинский национальный университет им. В. Даля (ВНУ)'),
(12, 'Государственный институт подготовки и переподготовки кадров промышленности (ГИПОпром)'),
(13, 'Государственный экономико-технологический университет транспорта (ГЭТУТ)'),
(14, 'Днепропетровский национальный университет железнодорожного транспорта им. В. Лазаряна (ДНУЖТ)'),
(15, 'Донбасская государственная машиностроительная академия (ДГМА)'),
(16, 'Донбасский государственный технический университет (ДонГТУ)'),
(17, 'Донецкий институт железнодорожного транспорта УГАЖТ'),
(18, 'Донецкий национальный технический университет (ДонНТУ)'),
(19, 'Житомирский военный институт имени С.П. Королева Национального авиационного университета'),
(20, 'Житомирский государственный технологический университет (ЖГТУ)'),
(21, 'Закарпатский УКЦ Национального университета водного хозяйства и природопользования'),
(22, 'Запорожская государственная инженерная академия (ЗГИА)'),
(23, 'Ивано-Франковский национальный технический университет нефти и газа (ИФНТУНГ)'),
(24, 'Киевский национальный университет строительства и архитектуры (КНУСА)'),
(25, 'Киевский национальный университет технологий и дизайна'),
(26, 'Кировоградский национальный технический университет (КНТУ)'),
(27, 'Кременчугский национальный университет им. М. Остроградского'),
(28, 'Кременчугский университет экономики, информационных технологий и управления (КУЭИТУ)'),
(29, 'Криворожский национальный университет'),
(30, 'Луцкий национальный технический университет (ЛНТУ)'),
(31, 'Национальная металлургическая академия Украины (НМетАУ)'),
(32, 'Днепродзержинский государственный технический университет (ДГТУ)'),
(33, 'Львовский национальный университет ветеринарной медицины и биотехнологий им. С. Гжицкого (ЛНУВМ и БТ)'),
(34, 'Национальный технический университет "Харьковский политехнический институт" (НТУ ХПИ)'),
(35, 'Национальный университет "Львовская политехника" (НУ ЛП)'),
(36, 'Национальный университет биоресурсов и природопользования Украины'),
(37, 'Национальный университет пищевых технологий (НУПТ)'),
(38, 'Национальный фармацевтический университет'),
(39, 'Украинский государственный химико-технологический университет (УГХТУ)'),
(40, 'Харьковская государственная зооветеринарная академия (ХГЗВА)'),
(41, 'Харьковский национальный университет радиоэлектроники (ХНУРЭ)'),
(42, 'Херсонский национальный технический университет (ХНТУ)'),
(43, 'Черновицкий национальный университет им. Федьковича (ЧНУ)'),
(44, 'Белоцерковский национальный аграрный университет (БНАУ)'),
(45, 'Днепропетровский государственный аграрный университет (ДГАУ)'),
(46, 'Житомирский национальный агроэкологический университет (ЖНАУ)'),
(47, 'Крымский агротехнологический университет Национального аграрного университета (Южный филиал)'),
(48, 'Луганский национальный аграрный университет (ЛНАУ)'),
(49, 'Одесский государственный аграрный университет (ОГАУ)'),
(50, 'Подольский государственный аграрно-технический университет'),
(51, 'Полтавская государственная аграрная академия (ПГАА)'),
(52, 'Сумской национальный аграрный университет (СНАУ)'),
(53, 'Академия внутренних войск Министерства внутренних дел Украины (АВВ МВД)'),
(54, 'Академия сухопутных войск им. П. Сагайдачного (АСВ)'),
(55, 'Каменец-Подольский национальный университет им. Ивана Огиенко'),
(56, 'Национальная академия Государственной пограничной службы Украины им. Б. Хмельницкого'),
(57, 'Волынский национальный университет им. Л. Украинки (ВНУ)'),
(58, 'Донбасская национальная академия строительства и архитектуры (ДонНАСА)'),
(59, 'Институт управления природными ресурсами Университета экономики и права «КРОК»'),
(60, 'Киевский национальный университет им. Т. Шевченко (КНУ)'),
(61, 'Киевский славистический университет  '),
(62, 'Классический приватный университет (КПУ)'),
(63, 'Крымский НКЦ Национального университета водного хозяйства и природопользования'),
(64, 'Львовский национальный аграрный университет (ЛНАУ)'),
(65, 'Национальный горный университет (НГУ)'),
(66, 'Национальный транспортный университет (НТУ)'),
(67, 'Национальный университет водного хозяйства и природопользования (НУВХП)'),
(68, 'Одесская государственная академия строительства и архитектуры (ОГАСА)'),
(69, 'Академия пожарной безопасности им. Героев Чернобыля МЧС Украины (АПБ МЧС)'),
(70, 'Институт последипломного образования инженерно-педагогических работников ГВУЗ "Университет менеджмента образования"'),
(71, 'Львовский государственный университет безопасности жизнедеятельности (ЛГУ БЖД)'),
(72, 'Национальный университет гражданской защиты Украины (НУГЗУ)'),
(73, 'Приднепровская государственная академия строительства и архитектуры (ПГАСА)'),
(74, 'Таврический государственный агротехнологический университет (ТГАТУ)'),
(75, 'Харьковский национальный университет городского хозяйства (ХНУГХ)'),
(76, 'Харьковский национальный университет им. В. Каразина (ХНУ) '),
(77, 'Хмельницкий национальный университет '),
(78, 'Межрегиональная Академия управления персоналом (МАУП)'),
(79, 'Академия адвокатуры Украины (ААУ)'),
(80, 'Бердянский государственный педагогический университет (БГПУ)'),
(81, 'Винницкий государственный педагогический университет им. М. Коцюбинского (ВГПУ)'),
(82, 'Волынский институт экономики и менеджмента (ВИЭМ)'),
(83, 'Восточноевропейский университет экономики и менеджмента'),
(84, 'Глуховский национальный педагогический университет им. А. Довженко (ГНПУ)'),
(85, 'Горловский государственный педагогический институт иностранных языков (ГГПИИЯ)'),
(86, 'Днепропетровский университет имени Альфреда Нобеля'),
(87, 'Донбасский государственный педагогический университет (ДГПУ)'),
(88, 'Донецкий институт психологии и предпринимательства'),
(89, 'Донецкий институт социального образования (ДИСО)'),
(90, 'Донецкий национальный университет (ДонНУ)'),
(91, 'Дрогобычский государственный педагогический университет имени И. Франко (ДГПУ) '),
(92, 'Евпаторийский институт социальных наук КГУ'),
(93, 'Европейский университет (ЕУ) '),
(94, 'Житомирский государственный университет им. И. Франко (ЖГУ)'),
(95, 'Автомобильно-дорожный институт "Донецкий национальный технический университет"'),
(96, 'Антрацитовский факультет горного дела и транспорта Восточноукраинского национального университета им. В. Даля'),
(97, 'Винницкий национальный аграрный университет (ВНАУ)'),
(98, 'Галицкая академия'),
(99, 'Закарпатский венгерский институт им. Ф. Ракоци II (ЗВИ)'),
(100, 'Запорожский национальный университет (ЗНУ)'),
(101, 'Ивано-Франковский университет права им. Короля Д. Галицкого (ИФУП)'),
(102, 'Киевский международный университет (КиМУ)'),
(103, 'Киевский национальный торгово-экономический университет (КНТЭУ)'),
(104, 'Киевский национальный университет культуры и искусств (КНУКиИ)'),
(105, 'Киевский университет им. Б. Гринченко'),
(106, 'Кировоградский государственный педагогический университет им. В. Винниченко (КГПУ)'),
(107, 'Кировоградский институт развития человека "Украина" (КИРЧ)'),
(108, 'Луганский национальный университет им. Т. Шевченко (ЛНУ)'),
(109, 'Луцкий гуманитарный университет (ЛГУ)'),
(110, 'Открытый международный университет развития человека "Украина" (ОМУРЧ)'),
(111, 'Украинская академия печати (УАП)'),
(112, 'Харьковский национальный экономический университет (ХНЭУ)'),
(113, 'Университет экономики и права "КРОК"'),
(114, 'Академия таможенной службы Украины (АТСУ)'),
(115, 'Бердянский университет менеджмента и бизнеса (БУМиБ)'),
(116, 'Буковинский государственный финансово-экономический университет (БГФЭУ)'),
(117, 'Буковинский университет'),
(118, 'Горловский региональный институт Открытого международного университета развития человека "Украина"'),
(119, 'Государственный университет информационно-коммуникационных технологий (ГУИКТ)'),
(120, 'Донецкая академия автомобильного транспорта (ДААТ)'),
(121, 'Закарпатский государственный университет (ЗакГУ)'),
(122, 'Академия военно-морских сил им. П. Нахимова (АВМС)'),
(123, 'Международный гуманитарный университет'),
(124, 'Национальная академия Службы безопасности Украины'),
(125, 'Одесская национальная академия связи им. А. Попова (ОНАС)'),
(126, 'Одесский национальный политехнический университет (ОНПУ)'),
(127, 'Севастопольский национальный университет ядерной энергии и промышленности (СНУЯЭиП)'),
(128, 'Ужгородский национальный университет (УжНУ)'),
(129, 'Учебно-научный институт информационной безопасности Национальной академии Службы безопасности Украины'),
(130, 'Днепропетровская консерватория им. М. Глинки'),
(131, 'Днепропетровский филиал Открытого международного университета развития человека "Украина"'),
(132, 'Донецкая государственная музыкальная академия имени С.С. Прокофьева'),
(133, 'Житомирский институт культуры и искусств (ЖИКИ)'),
(134, 'Закарпатский художественный институт (ЗХИ)'),
(135, 'Измаильский государственный гуманитарный университет (ИГГУ)'),
(136, 'Институт рекламы (ИР)'),
(137, 'Институт художественного моделирования и дизайна им. С. Дали (ИХМД)'),
(138, 'Киевская муниципальная академия эстрадного и циркового искусств'),
(139, 'Киевский государственный институт декоративно-прикладного искусства и дизайна им. М. Бойчука (КГИ ДПИД)'),
(140, 'Киевский институт музыки им. Р. М. Глиера'),
(141, 'Киевский национальный университет культуры и искусств (Белоцерковский факультет)'),
(142, 'Киевский национальный университет культуры и искусств (Кировоградский факультет)'),
(143, 'Белоцерковский институт экономики и управления "Открытый международный университет развития человека "Украина"'),
(144, 'Винницкий социально-экономический институт ОМУРЧ "Украина"'),
(145, 'Киевский национальный университет культуры и искусств (Броварской факультет)'),
(146, 'Киевский национальный университет культуры и искусств (Львовский факультет)'),
(147, 'Киевский национальный университет культуры и искусств (Николаевский филиал)'),
(148, 'Киевский национальный университет культуры и искусств (Одесский факультет)'),
(149, 'Киевский национальный университет культуры и искусств (Полтавский факультет)'),
(150, 'Киевский национальный университет культуры и искусств (Сумской факультет)'),
(151, 'Донецкий национальный университет экономики и торговли им. М. Туган-Барановского (ДонНУЭТ)'),
(152, 'Евпаторийское отделение Крымского факультета ВНУ им. В. Даля'),
(153, 'Институт химических технологий ВНУ'),
(154, 'Керченский государственный морской технологический университет (КГМТУ)'),
(155, 'Буковинский государственный медицинский университет (БГМУ)'),
(156, 'Винницкий национальный медицинский университет им. Н. Пирогова (ВНМУ)'),
(157, 'Днепропетровская медицинская академия (ДМА)'),
(158, 'Днепропетровский медицинский институт традиционной и нетрадиционной медицины'),
(159, 'Донецкий национальный медицинский университет им. М. Горького (ДонНМУ)'),
(160, 'Запорожский государственный медицинский университет (ЗГМУ)'),
(161, 'Ивано-Франковский национальный медицинский университет (ИФНМУ)'),
(162, 'Киевский медицинский университет УАНМ (КМУ УАНМ)'),
(163, 'Крымский государственный медицинский университет им. С. Георгиевского (КГМУ)'),
(164, 'Луганский государственный медицинский университет (ЛГМУ)'),
(165, 'Львовский медицинский институт'),
(166, 'Львовский национальный медицинский университет им. Д. Галицкого (ЛНМУ)'),
(167, 'Международная академия экологии и медицины'),
(168, 'Национальный медицинский университет им. А. Богомольца (НМУ)'),
(169, 'Одесский национальный медицинский университет (ОНМУ)'),
(170, 'Тернопольский государственный медицинский университет им. Горбачевского (ТГМУ)'),
(171, 'Украинская медицинская стоматологическая академия (УМСА)'),
(172, 'Харьковский национальный медицинский университет'),
(173, 'Киевский университет туризма, экономики и права (КУТЭП)'),
(174, 'Житомирский экономико-гуманитарный институт ОМУРЧ'),
(175, 'Институт востоковедения и международных отношений "Харьковский коллегиум" (ИВиМО Харьковский коллегиум)'),
(176, 'Институт стран Востока и Африки "Международный Славянский университет". Харьков'),
(177, 'Киевский гуманитарный институт (КГИ)'),
(178, 'Киевский университет права НАН Украины (КУП НАНУ)'),
(179, 'Киевский факультет хореографии ПВУЗ "Международный Славянский университет. Харьков"'),
(180, 'Львовская коммерческая академия (ЛКА)'),
(181, 'Львовский национальный университет им. И. Франко (ЛНУ)'),
(182, 'Львовский университет бизнеса и права (ЛУБП)'),
(183, 'Киевский институт бизнеса и технологий (КИБИТ)'),
(184, 'Азовский морской институт Одесской национальной морской академии (АМИ ОНМА)'),
(185, 'Азовский региональный институт управления ЗНТУ'),
(186, 'Академия муниципального управления (Карпатский факультет АМУ)'),
(187, 'Академия труда и социальных отношений Федерации профсоюзов Украины (АТСО ПСУ)'),
(188, 'Бориспольский институт муниципального менеджмента при МАУП (БИММ)'),
(189, 'Бучацкий институт менеджмента и аудита (БИМА)'),
(190, 'Винницкий торгово-экономический институт КНТЭУ'),
(191, 'Винницкий филиал КИБИТ'),
(192, 'Винницкий финансово-экономический университет'),
(193, 'Приазовский государственный технический университет (ПГТУ)'),
(194, 'Сумский государственный университет (СумГУ)'),
(195, 'Одесская государственная академия технического регулирования и качества (ОГАТРиК)'),
(196, 'Севастопольский национальный технический университет (СевНТУ)'),
(197, 'Тернопольский национальный технический университет им. И. Пулюя (ТНТУ)'),
(198, 'Одесский национальный морской университет (ОНМУ)'),
(199, 'Национальный лесотехнический университет Украины (НЛТУ)'),
(200, 'Харьковский национальный технический университет сельского хозяйства им. П. Василенко'),
(201, 'Краматорский экономико-гуманитарный институт (КЭГИ)'),
(202, 'Киевский кооперативный институт бизнеса и права (ККИБП)'),
(203, 'Львовский институт экономики и туризма (ЛИЭТ)'),
(204, 'Николаевский межрегиональный институт развития человека Открытого международного университета развития человека "Украина"'),
(205, 'Одесская национальная академия пищевых технологий (ОНАПТ)'),
(206, 'Первый Украинский морской институт (ПУМИ)'),
(207, 'Полтавский университет экономики и торговли (ПУЭТ)'),
(208, 'Днепропетровский государственный университет внутренних дел (ДГУВД)'),
(209, 'Днепропетровский гуманитарный университет (ДГУ)'),
(210, 'Донецкий государственный университет управления (ДГУУ)'),
(211, 'Донецкий университет экономики и права (ДонУЭП)'),
(212, 'Международный научно-технический университет им. академика Ю. Бугая (МНТУ)'),
(213, 'Одесская национальная морская академия (ОНМА)'),
(214, 'Кафедра военной подготовки ИФНТУНГ'),
(215, 'Красноармейский индустриальный институт "Донецкий национальный технический университет"'),
(216, 'Одесская государственная академия холода (ОГАХ)'),
(217, 'Полтавский национальный технический университет им. Ю. Кондратюка (ПНТУ)'),
(218, 'Одесский государственный экологический университет (ОГЭКУ)'),
(219, 'Херсонский государственный аграрный университет (ХГАУ) '),
(220, 'Мелитопольский государственный педагогический университет им. Б. Хмельницкого (МГПУ)'),
(221, 'Надслучанский институт'),
(222, 'Николаевский национальный аграрный университет (ННАУ)'),
(223, 'Обособленное подразделение НУБиП "Бережанский агротехнический институт"'),
(224, 'Прикарпатский национальный университет им. В. Стефаника (ПНУ)'),
(225, 'Донецкий институт рынка и социальной политики (ДИРСП)'),
(226, 'Криворожский педагогический институт КНУ'),
(227, 'Крымский гуманитарный университет (КГУ)'),
(228, 'Крымский инженерно-педагогический университет (Джанкойский НКП)'),
(229, 'Карпатский институт предпринимательства ОМУРЧ'),
(230, 'Луганский институт труда и социальных технологий (ЛИТСТ)'),
(231, 'Луганский национальный университет имени Тараса Шевченко (Ровеньковский факультет)'),
(232, 'Луцкий институт развития человека университета "Украина"'),
(233, 'Мелитопольский институт экологии и социальных технологий ОМУРЧ'),
(234, 'Национальный педагогический университет им. М. Драгоманова (НПУ)'),
(235, 'Национальный университет "Киево-Могилянская академия" (НаУКМА)'),
(236, 'Национальный университет государственной налоговой службы Украины (НУГНСУ)'),
(237, 'Николаевский национальный университет им. В. Сухомлинского (ННУ)'),
(238, 'Запорожский институт экономики и информационных технологий (ЗИЭИТ)'),
(239, 'Луганский государственный институт жилищно-коммунального хозяйства и строительства'),
(240, 'Национальная академия изобразительного искусства и архитектуры (НАИИА)'),
(241, 'Донецкий институт городского хозяйства Киевского университета управления и предпринимательства (ДИГХ)'),
(242, 'Западноукраинский экономико-правовой университет (ЗУЭПУ)'),
(243, 'Институт экологии, природоохранной деятельности и туризма им. В. Чорновола'),
(244, 'Мукачевский государственный университет (МГУ)'),
(245, 'Хмельницкий институт конструирования моделирования швейных изделий'),
(246, 'Нежинский агротехнический институт Национального университета биоресурсов и природопользования'),
(247, 'Уманский национальный университет садоводства'),
(248, 'Государственная летная академия Украины (ГЛАУ)'),
(249, 'Измаильский институт водного транспорта (ИИВТ)'),
(250, 'Киевская государственная академия водного транспорта им. П. Конашевича-Сагайдачного (КГАВТ)'),
(251, 'Киевская государственная академия водного транспорта имени гетмана Петра Конашевича-Сагайдачного (Дунайский НКП)'),
(252, 'Днепропетровский государственный институт физической культуры и спорта'),
(253, 'Донецкий государственный институт здоровья, физического воспитания и спорта при Национальном университете физического воспитания'),
(254, 'Керченский экономико-гуманитарный институт ТНУ им. В. Вернадского (КЭГИ ТНУ)'),
(255, 'Кременецкий областной гуманитарно-педагогический институт имени Тараса Шевченко (КОГПИ)'),
(256, 'Луганский национальный университет им. Т. Шевченко (Старобельский факультет)'),
(257, 'Луганский национальный университет имени Тараса Шевченко (Стахановский факультет)'),
(258, 'Технологический институт ВНУ (г. Северодонецк)'),
(259, 'Черкасский государственный технологический университет'),
(260, 'Белоцерковский филиал КИБИТ'),
(261, 'Винницкий кооперативный институт (ВКИ)'),
(262, 'Черниговский государственный технологический университет (ЧГТУ)'),
(263, 'Национальная академия природоохранного и курортного строительства (НАПКС)'),
(264, 'Киевский университет управления и предпринимательства (КУУП)'),
(265, 'Первомайский политехнический институт НУК'),
(266, 'Украинская государственная академия железнодорожного транспорта (УГАЖТ)'),
(267, 'Донецкий государственный институт здоровья, физического воспитания и спорта при Национальном университете физического воспитания');

/*!40101 SET CHARACTER_SET_CLIENT=@OLD_CHARACTER_SET_CLIENT */;
/*!40101 SET CHARACTER_SET_RESULTS=@OLD_CHARACTER_SET_RESULTS */;
/*!40101 SET COLLATION_CONNECTION=@OLD_COLLATION_CONNECTION */;
